Name of Patient,Symptom_1,Symptom_2,Symptom_3,Symptom_4,Symptom_5,Disease(predicted by Decision Tree),Disease(predicted by Random Forest),Disease(predicted by Naive Bayes)
vd,bloody_stool,distention_of_abdomen,family_history,continuous_feel_of_urine,cramps,Alcoholic hepatitis,Alcoholic hepatitis,Hepatitis C
vidhi,coma,congestion,brittle_nails,diarrhoea,fast_heart_rate,Hepatitis E,Gastroenteritis,Gastroenteritis
sumit,bruising,history_of_alcohol_consumption,continuous_feel_of_urine,lack_of_concentration,irritability,Hypothyroidism,Hypertension,Gastroenteritis
vaibhav,back_pain,chest_pain,altered_sensorium,fast_heart_rate,hip_joint_pain,Hypothyroidism,Hepatitis E,Hypertension
mayank,back_pain,chest_pain,altered_sensorium,fast_heart_rate,hip_joint_pain,Hypothyroidism,Hepatitis E,Hypertension
vivek,back_pain,coma,continuous_feel_of_urine,drying_and_tingling_lips,family_history, Migraine,Hyperthyroidism,Hypertension
nikhil,congestion,excessive_hunger,dizziness,depression,distention_of_abdomen,Common Cold, Migraine,Hypertension
lakshita,brittle_nails,lack_of_concentration,increased_appetite,depression,dischromic _patches,Pneumonia,Diabetes,Hypertension
lakshit,brittle_nails,drying_and_tingling_lips,increased_appetite,depression,loss_of_balance,Hypothyroidism,Hypothyroidism,Hypertension
lakshit,brittle_nails,drying_and_tingling_lips,chest_pain,depression,loss_of_balance,Pneumonia,Osteoarthristis,Hypertension
laksu,dischromic _patches,drying_and_tingling_lips,chest_pain,chest_pain,diarrhoea,Hepatitis E,Urinary tract infection,Hypertension
ashish,bruising,chest_pain,cramps,depression,fluid_overload,Varicoseveins,Heartattack,Varicoseveins
aks,bruising,chest_pain,cramps,depression,fluid_overload, Migraine,GERD,Varicoseveins
